姓名,聯盟,身份,年齡,身高,生日,NBA選秀年,NBA選秀順位,CBA選秀年,CBA選秀順位,選秀聯盟,選秀年,選秀順位,SBL選秀年,SBL選秀順位,2022_2023背號,2022_2023隊伍,2021_2022背號,2021_2022隊伍,2020_2021背號,2020_2021隊伍
劉 錚,CBA,本土,32,191,1990/11/24,,,,,,,,2011,總順位: 1,5,CBA 上海久事,5,CBA 上海久事,5,CBA 上海久事
陳盈駿,CBA,本土,29,182,1993/06/09,,,2017,總順位: 1,,,,,,9,CBA 廣州龍獅,9,CBA 廣州龍獅,9,CBA 廣州龍獅
林庭謙,CBA,本土,23,190,1999/10/31,,,2020,總順位: 3,,,,,,0,CBA 天津榮鋼,0,CBA 天津榮鋼,0,CBA 天津榮鋼
馬建豪,CBA,本土,21,202,2001/04/29,,,2022,總順位: 2,,,,,,1,CBA 江蘇肯蒂亞,,,,
許晉哲,PLG,總教練,49,,1973/04/27,,,,,,,,,,,PLG 臺北富邦勇士,,PLG 臺北富邦勇士,,PLG 臺北富邦勇士
林志傑,PLG,本土,40,192,1982/06/11,,,,,,,,,,12,PLG 臺北富邦勇士,12,PLG 臺北富邦勇士,12,PLG 臺北富邦勇士
蔡文誠,PLG,本土,37,190,1985/05/31,,,,,,,,,,14,PLG 臺北富邦勇士,14,PLG 臺北富邦勇士,14,PLG 臺北富邦勇士
張宗憲,PLG,本土,34,193,1988/12/27,,,,,,,,2016,總順位: 1,3,PLG 臺北富邦勇士,3,PLG 臺北富邦勇士,3,PLG 臺北富邦勇士
林孟學,PLG,本土,30,195,1992/10/14,,,,,,,,2015,總順位: 9,13,PLG 臺北富邦勇士,13,PLG 臺北富邦勇士,13,PLG 臺北富邦勇士
張文平,PLG,華裔,29,195,1993/07/14,,,,,,,,,,10,PLG 臺北富邦勇士,28,PLG 新北國王,,
呂宗霖,PLG,本土,28,175,1994/11/17,,,,,,,,2017,總順位: 8,7,PLG 臺北富邦勇士,0,SBL 高雄九太科技,,
謝宗融,PLG,本土,27,199,1995/08/16,,,,,,,,2017,總順位: 1,15,PLG 臺北富邦勇士,14,SBL 臺灣銀行,14,SBL 臺灣銀行
石博恩,PLG,外籍生,27,198,1995/10/05,,,,,,,,,,23,PLG 臺北富邦勇士,23,PLG 臺北富邦勇士,23,PLG 臺北富邦勇士
張耕淯,PLG,本土,27,188,1995/10/16,,,,,,,,,,29,PLG 臺北富邦勇士,29,PLG 臺北富邦勇士,29,PLG 桃園領航猿
賴廷恩,PLG,本土,26,176,1996/07/22,,,,,,,,2018,總順位: 3,0,PLG 臺北富邦勇士,0,PLG 臺北富邦勇士,0,PLG 臺北富邦勇士
簡廷兆,PLG,本土,25,183,1998/01/16,,,,,PLG,2022,總順位: 6,,,24,PLG 臺北富邦勇士,,,,
周桂羽,PLG,本土,24,192,1998/07/19,,,,,,,,,,8,PLG 臺北富邦勇士,8,PLG 臺北富邦勇士,8,PLG 臺北富邦勇士
曾祥鈞,PLG,本土,24,205,1998/08/08,,,,,,,,,,21,PLG 臺北富邦勇士,21,PLG 臺北富邦勇士,21,PLG 臺北富邦勇士
洪楷傑,PLG,本土,24,185,1998/10/07,,,,,PLG,2021,總順位: 3,,,11,PLG 臺北富邦勇士,11,PLG 新北國王,,
陳范柏彥,PLG,本土,23,196,2000/01/24,,,,,PLG,2022,總順位: 2,,,1,PLG 臺北富邦勇士,,,,
Chris Johnson,PLG,洋將,37,211,1985/07/17,2010,Rookie,,,,,,,,5,PLG 臺北富邦勇士,,,,
Michael Singletary,PLG,洋將,34,198,1988/09/19,,,,,,,,,,17,PLG 臺北富邦勇士,17,PLG 臺北富邦勇士,17,PLG 臺北富邦勇士
Ihor Zaytsev,PLG,洋將,33,211,1989/05/11,,,,,,,,,,32,PLG 臺北富邦勇士,32,PLG 臺北富邦勇士,32,PLG 臺北富邦勇士
Ryan Marchand,PLG,總教練,34,,1988/11/18,,,,,,,,,,,PLG 新北國王,,PLG 新北國王,,
Quincy Davis III,PLG,歸化,40,203,1983/02/16,,,,,,,,,,50,PLG 新北國王,50,PLG 新北國王,50,PLG 桃園領航猿
楊敬敏,PLG,本土,39,190,1984/01/22,,,,,,,,,,6,PLG 新北國王,6,PLG 新北國王,6,PLG 台新夢想家
林金榜,PLG,本土,37,190,1985/06/15,,,,,,,,2007,總順位:13,19,PLG 新北國王,9,PLG 桃園領航猿,9,SBL 桃園璞園建築
洪志善,PLG,本土,37,176,1985/07/05,,,,,,,,,,24,PLG 新北國王,24,PLG 新北國王,,
林力仁,PLG,本土,32,183,1990/06/16,,,,,,,,2011,總順位:10,7,PLG 新北國王,7,PLG 新北國王,7,PLG 新竹街口攻城獅
林書緯,PLG,華裔,30,182,1992/06/21,,,,,,,,,,1,PLG 新北國王,1,PLG 臺北富邦勇士,1,PLG 臺北富邦勇士
李睿麒,PLG,本土,30,193,1993/01/07,,,,,,,,2017,總順位:11,0,PLG 新北國王,1,PLG 新北國王,1,SBL 高雄九太科技
李愷諺,PLG,本土,29,182,1993/05/06,,,,,,,,2016,總順位: 6,9,PLG 新北國王,9,PLG 新北國王,6,SBL 裕隆納智捷
楊興治,PLG,本土,29,195,1993/11/09,,,,,,,,2015,總順位: 6,13,PLG 新北國王,33,PLG 新北國王,,
簡祐哲,PLG,本土,27,180,1995/09/10,,,,,,,,2018,總順位: 2,10,PLG 新北國王,10,PLG 新北國王,10,SBL 台灣啤酒
蘇士軒,PLG,本土,26,197,1996/04/09,,,,,,,,2020,總順位: 2,17,PLG 新北國王,17,SBL 臺灣銀行,17,SBL 臺灣銀行
聶歐瑪,PLG,外籍生,24,205,1998/05/15,,,,,PLG,2021,總順位: 7,,,25,PLG 新北國王,25,PLG 新北國王,,
林仕軒,PLG,本土,24,178,1998/12/28,,,,,PLG,2021,總順位:12,,,2,PLG 新北國王,2,PLG 新北國王,,
曾于豪,PLG,本土,23,196,1999/08/05,,,,,PLG,2021,總順位:10,,,15,PLG 新北國王,15,PLG 新北國王,,
李威廷,PLG,本土,23,181,1999/10/03,,,,,PLG,2022,總順位: 9,,,4,PLG 新北國王,,,,
高承恩,PLG,本土,23,176,1999/12/23,,,,,,,,,,22,PLG 新北國王,,,,
陳俊男,PLG,本土,22,190,2000/04/20,,,,,PLG,2021,總順位: 4,,,3,PLG 新北國王,3,PLG 新北國王,,
Byron Mullens,PLG,洋將,34,213,1989/02/14,2009,總順位:24,,,,,,,,5,PLG 新北國王,32,PLG 新北國王,,
Kenny Manigault,PLG,洋將,31,196,1991/05/22,,,,,,,,,,55,PLG 新北國王,,,,
Iurgi Caminos,PLG,總教練,44,,1978/12/29,,,,,,,,,,,PLG 桃園璞園領航猿,,T1 臺中葳格太陽,,
成力煥,PLG,本土,35,190,1988/03/05,,,,,,,,2014,總順位:13,21,PLG 桃園璞園領航猿,7,PLG 台新夢想家,21,PLG 新竹街口攻城獅
施晉堯,PLG,本土,32,188,1990/10/28,,,,,,,,,,28,PLG 桃園璞園領航猿,28,PLG 桃園領航猿,28,PLG 桃園領航猿
陳冠全,PLG,本土,29,197,1993/12/30,,,,,,,,2014,總順位: 2,15,PLG 桃園璞園領航猿,30,PLG 桃園領航猿,30,PLG 桃園領航猿
黃泓瀚,PLG,本土,28,192,1994/10/15,,,,,,,,2017,總順位: 2,22,PLG 桃園璞園領航猿,22,PLG 桃園領航猿,22,SBL 台灣啤酒
陳昱瑞,PLG,本土,27,185,1995/12/22,,,,,,,,2018,總順位: 1,100,PLG 桃園璞園領航猿,13,PLG 桃園領航猿,13,SBL 臺灣銀行
盧峻翔,PLG,本土,25,188,1997/07/15,,,,,,,,2020,總順位: 4,69,PLG 桃園璞園領航猿,69,PLG 桃園領航猿,69,SBL 桃園璞園建築
關達佑,PLG,本土,25,181,1997/09/15,,,,,,,,,,6,PLG 桃園璞園領航猿,6,PLG 桃園領航猿,6,PLG 桃園領航猿
丁恩迪,PLG,外籍生,24,207,1998/08/01,,,,,PLG,2022,總順位: 4,,,1,PLG 桃園璞園領航猿,,,,
李家慷,PLG,本土,24,185,1998/10/16,,,,,,,,2017,總順位: 3,12,PLG 桃園璞園領航猿,12,PLG 桃園領航猿,12,SBL 桃園璞園建築
白曜誠,PLG,本土,24,183,1999/02/02,,,,,PLG,2022,總順位: 3,,,30,PLG 桃園璞園領航猿,,,,
張鎮衙,PLG,本土,23,195,1999/10/13,,,,,PLG,2022,總順位: 1,,,27,PLG 桃園璞園領航猿,,,,
林子洧,PLG,本土,22,188,2000/05/12,,,,,PLG,2022,總順位: 7,,,5,PLG 桃園璞園領航猿,,,,
林 正,PLG,本土,22,202,2000/07/25,,,,,,,,,,25,PLG 桃園璞園領航猿,25,PLG 桃園領航猿,25,PLG 桃園領航猿
Jeffrey Ayres,PLG,洋將,35,208,1987/04/29,2009,總順位:31,,,,,,,,4,PLG 桃園璞園領航猿,,,,
Sani Sakakini,PLG,洋將,34,203,1988/08/19,,,,,,,,,,13,PLG 桃園璞園領航猿,13,T1 臺中葳格太陽,,
Jason Washburn,PLG,洋將,32,213,1990/06/05,,,,,,,,,,42,PLG 桃園璞園領航猿,,,,
林冠綸,PLG,總教練,39,187,1984/01/23,,,,,,,,,,,PLG 新竹街口攻城獅,,PLG 新竹街口攻城獅,,PLG 新竹街口攻城獅
呂奇旻,PLG,本土,33,188,1989/10/27,,,,,,,,2013,總順位: 1,23,PLG 新竹街口攻城獅,23,SBL 台灣啤酒,23,SBL 台灣啤酒
宋宇軒,PLG,本土,33,185,1989/12/05,,,,,,,,2012,總順位: 3,5,PLG 新竹街口攻城獅,5,PLG 新竹街口攻城獅,5,PLG 新竹街口攻城獅
郭少傑,PLG,本土,32,190,1990/04/09,,,,,,,,2013,總順位: 8,24,PLG 新竹街口攻城獅,24,PLG 新竹街口攻城獅,9,PLG 臺北富邦勇士
陳則語,PLG,本土,31,184,1991/05/12,,,,,,,,2010,總順位: 8,26,PLG 新竹街口攻城獅,,,,
蕭順議,PLG,本土,30,193,1992/10/23,,,,,,,,2015,總順位: 2,11,PLG 新竹街口攻城獅,11,PLG 新竹街口攻城獅,1,PLG 新竹街口攻城獅
李家瑞,PLG,本土,28,200,1994/12/04,,,,,,,,2013,總順位: 2,12,PLG 新竹街口攻城獅,12,PLG 新竹街口攻城獅,12,PLG 新竹街口攻城獅
曾柏喻,PLG,本土,26,184,1996/12/03,,,,,PLG,2022,總順位:10,2021,總順位: 1,7,PLG 新竹街口攻城獅,7,SBL 高雄九太科技,,
朱雲豪,PLG,本土,25,195,1997/11/03,,,,,PLG,2021,總順位: 1,,,8,PLG 新竹街口攻城獅,8,PLG 新竹街口攻城獅,,
姜廣謙,PLG,本土,24,184,1998/05/07,,,,,,,,2020,總順位:10,2,PLG 新竹街口攻城獅,10,SBL 桃園璞園建築,10,SBL 桃園璞園建築
田 浩,PLG,本土,24,174,1998/09/16,,,,,,,,,,9,PLG 新竹街口攻城獅,9,PLG 新竹街口攻城獅,14,PLG 新竹街口攻城獅
高國豪,PLG,本土,24,180,1998/09/22,,,,,,,,,,4,PLG 新竹街口攻城獅,4,PLG 新竹街口攻城獅,4,PLG 新竹街口攻城獅
伊波卡,PLG,外籍生,22,200,2000/06/29,,,,,PLG,2022,總順位: 5,,,21,PLG 新竹街口攻城獅,,,,
Jeremy Tyler,PLG,洋將,31,210,1991/06/21,2011,總順位:39,,,,,,,,3,PLG 新竹街口攻城獅,,,,
William Artino,PLG,歸化,30,211,1992/06/27,,,,,,,,,,31,PLG 新竹街口攻城獅,31,T1 臺南台鋼獵鷹,,
Anthony Bennett,PLG,洋將,30,203,1993/03/14,2013,總順位: 1,,,,,,,,13,PLG 新竹街口攻城獅,20,PLG 高雄鋼鐵人,,
賴柏霖,PLG,總教練,33,,1989/11/10,,,,,,,,2011,總順位: 3,,PLG 台新夢想家,,,,
簡 浩,PLG,本土,38,200,1985/03/07,,,,,,,,2009,總順位: 1,21,PLG 台新夢想家,21,PLG 台新夢想家,21,SBL 裕隆納智捷
周柏臣,PLG,本土,32,198,1990/08/08,,,,,,,,2010,總順位: 2,88,PLG 台新夢想家,8,SBL 裕隆納智捷,8,SBL 裕隆納智捷
林耀宗,PLG,本土,32,194,1990/09/07,,,,,,,,2012,總順位: 2,7,PLG 台新夢想家,7,PLG 桃園領航猿,7,PLG 桃園領航猿
盧冠良,PLG,本土,31,185,1991/04/09,,,,,,,,2014,總順位: 3,28,PLG 台新夢想家,28,SBL 裕隆納智捷,28,SBL 裕隆納智捷
李德威,PLG,本土,31,200,1991/10/15,,,,,,,,2010,總順位: 3,26,PLG 台新夢想家,26,PLG 台新夢想家,26,PLG 台新夢想家
吳松蔚,PLG,本土,29,185,1993/05/21,,,,,,,,,,30,PLG 台新夢想家,30,PLG 台新夢想家,30,PLG 台新夢想家
吳家駿,PLG,本土,29,174,1994/03/03,,,,,,,,2016,總順位: 7,3,PLG 台新夢想家,3,PLG 桃園領航猿,3,SBL 桃園璞園建築
錢肯尼,PLG,華裔,28,186,1995/02/06,,,,,,,,,,23,PLG 台新夢想家,23,PLG 台新夢想家,23,PLG 台新夢想家
吳永盛,PLG,本土,26,186,1996/10/19,,,2019,總順位: 6,,,,,,14,PLG 台新夢想家,14,PLG 台新夢想家,10,CBA 新疆廣匯
楊盛硯,PLG,本土,26,178,1997/01/18,,,2019,總順位:16,,,,,,18,PLG 台新夢想家,18,PLG 台新夢想家,18,PLG 台新夢想家
陳振傑,PLG,本土,25,185,1997/09/16,,,,,,,,,,0,PLG 台新夢想家,0,PLG 台新夢想家,0,PLG 台新夢想家
林俊吉,PLG,本土,25,173,1998/01/29,,,,,,,,,,11,PLG 台新夢想家,11,PLG 台新夢想家,11,PLG 台新夢想家
王振原,PLG,本土,24,175,1998/09/02,,,,,PLG,2021,總順位:14,,,8,PLG 台新夢想家,8,PLG 台新夢想家,,
忻沃克,PLG,華裔,24,196,1998/09/21,,,,,,,,,,24,PLG 台新夢想家,24,PLG 台新夢想家,24,PLG 台新夢想家
Ilkan Karaman,PLG,洋將,32,205,1990/05/13,2012,總順位:57,,,,,,,,35,PLG 台新夢想家,,,,
Chris McCullough,PLG,洋將,28,206,1995/02/05,2015,總順位:29,,,,,,,,5,PLG 台新夢想家,5,PLG 新北國王,,
Brandon Gilbeck,PLG,洋將,26,213,1996/12/09,,,,,,,,,,34,PLG 台新夢想家,34,PLG 台新夢想家,,
鄭志龍,PLG,總教練,53,,1969/08/29,,,,,,,,,,,PLG 高雄17直播鋼鐵人,,PLG 桃園領航猿,,
呂政儒,PLG,本土,36,194,1986/04/13,,,,,,,,,,13,PLG 高雄17直播鋼鐵人,13,PLG 高雄鋼鐵人,13,SBL 裕隆納智捷
林書豪,PLG,華裔,34,192,1988/08/23,2010,Rookie,,,,,,,,7,PLG 高雄17直播鋼鐵人,7,CBA 北京首鋼,7,NBA G League Santa Cruz Warriors
張伯維,PLG,本土,32,190,1990/07/22,,,,,,,,2009,總順位: 2,77,PLG 高雄17直播鋼鐵人,7,PLG 高雄鋼鐵人,7,PLG 臺北富邦勇士
周儀翔,PLG,本土,32,191,1991/02/04,,,,,,,,2014,總順位: 4,6,PLG 高雄17直播鋼鐵人,6,PLG 高雄鋼鐵人,27,CBA 北京首鋼
林郅為,PLG,本土,30,200,1992/07/10,,,,,,,,2014,總順位: 1,18,PLG 高雄17直播鋼鐵人,12,日本 B2 福岡新銳,7,SBL 臺灣銀行
盧哲毅,PLG,本土,29,187,1993/07/15,,,,,,,,,,15,PLG 高雄17直播鋼鐵人,15,PLG 高雄鋼鐵人,15,PLG 新竹街口攻城獅
鄭德維,PLG,本土,27,193,1995/10/08,,,,,PLG,2021,總順位:13,,,12,PLG 高雄17直播鋼鐵人,12,PLG 高雄鋼鐵人,,
邱柏璋,PLG,本土,27,190,1995/11/02,,,,,,,,2018,總順位:14,14,PLG 高雄17直播鋼鐵人,12,T1 臺中葳格太陽,8,SBL 桃園璞園建築
王柏智,PLG,本土,26,195,1996/10/29,,,,,,,,,,10,PLG 高雄17直播鋼鐵人,10,PLG 高雄鋼鐵人,10,PLG 台新夢想家
林柏豪,PLG,本土,26,192,1997/01/08,,,,,,,,2020,總順位: 6,1,PLG 高雄17直播鋼鐵人,6,SBL 高雄九太科技,23,SBL 高雄九太科技
藍少甫,PLG,本土,26,195,1997/03/21,,,,,PLG,2021,總順位: 8,,,23,PLG 高雄17直播鋼鐵人,23,PLG 高雄鋼鐵人,,
張傑瑋,PLG,外籍生,25,184,1997/09/06,,,,,PLG,2022,總順位: 8,,,2,PLG 高雄17直播鋼鐵人,,,,
孫思堯,PLG,本土,25,205,1997/10/03,,,,,,,,,,20,PLG 高雄17直播鋼鐵人,18,T1 臺中葳格太陽,15,PLG 桃園領航猿
王律翔,PLG,本土,25,184,1997/12/21,,,,,PLG,2021,總順位: 6,,,8,PLG 高雄17直播鋼鐵人,8,PLG 高雄鋼鐵人,,
林均濠,PLG,本土,25,193,1998/01/19,,,,,PLG,2021,總順位: 5,,,11,PLG 高雄17直播鋼鐵人,11,PLG 高雄鋼鐵人,,
陳又瑋,PLG,本土,23,183,1999/12/29,,,,,PLG,2021,總順位: 2,,,4,PLG 高雄17直播鋼鐵人,4,PLG 高雄鋼鐵人,,
Wendell Lewis,PLG,洋將,33,208,1989/09/21,,,,,,,,,,5,PLG 高雄17直播鋼鐵人,,,,
Gokul Natesan,PLG,洋將,28,196,1994/05/20,,,,,,,,,,3,PLG 高雄17直播鋼鐵人,,,,
Femi Olujobi,PLG,洋將,27,206,1996/03/05,,,,,,,,,,0,PLG 高雄17直播鋼鐵人,,,,
楊志豪,T1,總教練,48,,1974/08/31,,,,,,,,,,,T1 台灣啤酒英熊,,T1 台灣啤酒英熊,,
朱億宗,T1,本土,36,186,1986/08/04,,,,,,,,2007,總順位:17,24,T1 台灣啤酒英熊,24,T1 台灣啤酒英熊,24,SBL 台灣啤酒
黃 鎮,T1,本土,32,193,1990/06/27,,,,,,,,2013,總順位: 5,0,T1 台灣啤酒英熊,0,T1 台灣啤酒英熊,0,SBL 台灣啤酒
周伯勳,T1,本土,32,197,1991/03/06,,,,,,,,2012,總順位: 1,20,T1 台灣啤酒英熊,20,T1 台灣啤酒英熊,20,SBL 台灣啤酒
蔣淯安,T1,本土,31,174,1991/08/04,,,,,,,,2014,總順位: 5,14,T1 台灣啤酒英熊,14,T1 台灣啤酒英熊,14,SBL 台灣啤酒
李啓瑋,T1,本土,29,192,1993/04/08,,,,,,,,2014,總順位: 7,75,T1 台灣啤酒英熊,75,T1 台灣啤酒英熊,75,SBL 台灣啤酒
楊天佑,T1,本土,29,172,1993/09/24,,,,,,,,,,19,T1 台灣啤酒英熊,19,SBL 台灣啤酒,,
范士恩,T1,本土,28,198,1994/06/01,,,,,,,,2016,總順位: 3,15,T1 台灣啤酒英熊,15,T1 台灣啤酒英熊,15,SBL 台灣啤酒
黃聰翰,T1,本土,28,193,1994/07/07,,,,,,,,2016,總順位: 4,11,T1 台灣啤酒英熊,11,T1 台灣啤酒英熊,11,SBL 台灣啤酒
梁浩真,T1,本土,27,184,1995/12/04,,,,,,,,,,27,T1 台灣啤酒英熊,6,SBL 台灣啤酒,53,SBL 桃園璞園建築
曹薰襄,T1,本土,24,181,1999/03/16,,,,,T1,2022,第1輪指名,,,57,T1 台灣啤酒英熊,,,,
Hasheem Thabeet,T1,洋將,36,221,1987/02/16,2009,總順位: 2,,,,,,,,34,T1 台灣啤酒英熊,,,34,PLG 新竹街口攻城獅
Perry Jones III,T1,洋將,31,211,1991/09/24,2012,總順位:28,,,,,,,,7,T1 台灣啤酒英熊,11,PLG 臺北富邦勇士,,
Branden Dawson,T1,洋將,30,201,1993/02/01,2015,總順位:56,,,,,,,,13,T1 台灣啤酒英熊,22,PLG 新竹街口攻城獅,22,PLG 新竹街口攻城獅
Michael Qualls,T1,洋將,29,193,1994/01/20,,,,,,,,,,45,T1 台灣啤酒英熊,,,,
李逸驊,T1,總教練,55,,1968/01/08,,,,,,,,,,,T1 新北中信特攻,,T1 新北中信特攻,,
李學林,T1,本土,39,175,1984/01/31,,,,,,,,,,6,T1 新北中信特攻,6,T1 新北中信特攻,,
曾文鼎,T1,本土,38,204,1984/07/06,,,,,,,,,,76,T1 新北中信特攻,76,PLG 臺北富邦勇士,76,PLG 臺北富邦勇士
劉韋辰,T1,本土,34,190,1988/11/27,,,,,,,,,,30,T1 新北中信特攻,30,T1 新北中信特攻,30,SBL 臺灣銀行
林韋翰,T1,本土,32,178,1990/07/09,,,2019,總順位: 5,,,,,,16,T1 新北中信特攻,16,T1 新北中信特攻,16,CBA 青島雙星
劉人豪,T1,本土,27,175,1995/11/10,,,,,,,,2018,總順位: 7,2,T1 新北中信特攻,1,T1 臺南台鋼獵鷹,,
林秉聖,T1,本土,26,186,1996/12/26,,,,,,,,,,3,T1 新北中信特攻,3,T1 新北中信特攻,,
東方譯慷,T1,本土,25,181,1997/10/12,,,,,T1,2021,第3輪指名,,,8,T1 新北中信特攻,8,T1 新北中信特攻,,
阿巴西,T1,本土,24,189,1998/04/27,,,,,T1,2021,第1輪指名,,,0,T1 新北中信特攻,0,T1 新北中信特攻,,
謝亞軒,T1,本土,24,187,1998/10/30,,,,,T1,2021,第1輪指名,,,10,T1 新北中信特攻,10,T1 新北中信特攻,,
劉旻諺,T1,本土,23,195,1999/12/04,,,,,T1,2021,第4輪指名,,,4,T1 新北中信特攻,4,T1 新北中信特攻,,
魏嘉豪,T1,本土,23,182,2000/01/13,,,,,T1,2021,第2輪指名,,,7,T1 新北中信特攻,7,T1 新北中信特攻,,
周承睿,T1,本土,23,193,2000/02/24,,,,,T1,2021,第5輪指名,,,11,T1 新北中信特攻,11,T1 新北中信特攻,,
陳鈺安,T1,本土,22,192,2000/05/26,,,,,T1,2022,第2輪指名,,,13,T1 新北中信特攻,,,,
譚傑龍,T1,本土,22,203,2000/06/02,,,,,,,,,,12,T1 新北中信特攻,12,T1 新北中信特攻,13,PLG 台新夢想家
Kaspars Bērziņš,T1,洋將,37,213,1985/08/25,,,,,,,,,,14,T1 新北中信特攻,,,,
Edgaras Želionis,T1,洋將,33,207,1989/06/04,,,,,,,,,,1,T1 新北中信特攻,,,,
Kristijan Krajina,T1,洋將,32,208,1990/12/28,,,,,,,,,,9,T1 新北中信特攻,,,,
Nicholas King,T1,洋將,27,203,1995/08/05,,,,,,,,,,55,T1 新北中信特攻,,,,
John Bennett,T1,總教練,33,,1989/10/25,,,,,,,,,,,T1 桃園永豐雲豹,,,,
林宜輝,T1,本土,37,193,1986/03/24,,,,,,,,,,13,T1 桃園永豐雲豹,36,PLG 新竹街口攻城獅,36,SBL 裕隆納智捷
蘇翊傑,T1,本土,36,181,1987/01/28,,,,,,,,,,2,T1 桃園永豐雲豹,,,,
鄭 瑋,T1,本土,32,180,1991/01/08,,,,,,,,,,1,T1 桃園永豐雲豹,1,T1 桃園雲豹,2,PLG 新竹街口攻城獅
劉元凱,T1,本土,31,206,1991/07/09,,,,,,,,2010,總順位: 7,82,T1 桃園永豐雲豹,,,,
蔡揚名,T1,本土,28,195,1995/01/18,,,,,,,,2018,總順位:10,9,T1 桃園永豐雲豹,9,T1 桃園雲豹,96,SBL 桃園璞園建築
杜譽城,T1,本土,27,183,1995/06/08,,,,,,,,,,8,T1 桃園永豐雲豹,12,T1 桃園雲豹,21,SBL 桃園璞園建築
盧捷閔,T1,本土,27,183,1995/10/12,,,,,,,,2017,總順位: 6,7,T1 桃園永豐雲豹,7,T1 桃園雲豹,,
劉宏柏,T1,本土,27,193,1995/11/12,,,,,,,,,,57,T1 桃園永豐雲豹,57,T1 桃園雲豹,,
曾品富,T1,本土,27,195,1996/03/01,,,,,,,,,,17,T1 桃園永豐雲豹,17,T1 臺南台鋼獵鷹,,
高士杰,T1,本土,26,196,1996/08/29,,,,,,,,,,15,T1 桃園永豐雲豹,,,,
黃奕勝,T1,本土,26,185,1996/12/14,,,,,T1,2021,第2輪指名,,,92,T1 桃園永豐雲豹,92,T1 桃園雲豹,,
羅振峰,T1,本土,25,195,1997/09/09,,,,,T1,2021,第1輪指名,,,11,T1 桃園永豐雲豹,11,T1 桃園雲豹,,
陳建銘,T1,本土,25,178,1997/09/11,,,,,T1,2022,第1輪指名,,,3,T1 桃園永豐雲豹,,,,
張舜丞,T1,本土,25,188,1998/03/23,,,,,T1,2021,第3輪指名,,,10,T1 桃園永豐雲豹,10,T1 桃園雲豹,,
呂蔡瑜倫,T1,本土,24,191,1998/11/08,,,,,T1,2022,第2輪指名,,,77,T1 桃園永豐雲豹,,,,
尤楚翔,T1,本土,23,197,1999/06/16,,,,,T1,2021,第1輪指名,,,6,T1 桃園永豐雲豹,68,T1 臺中葳格太陽,,
陳孝榕,T1,本土,23,181,1999/11/06,,,,,T1,2022,第1輪指名,,,0,T1 桃園永豐雲豹,,,,
Michael Efevberha,T1,洋將,38,198,1984/08/22,,,,,,,,,,24,T1 桃園永豐雲豹,,,,
Dwight Howard,T1,洋將,37,208,1985/12/08,2004,總順位: 1,,,,,,,,12,T1 桃園永豐雲豹,,,,
Deyonta Davis,T1,洋將,26,211,1996/12/02,2016,總順位:31,,,,,,,,4,T1 桃園永豐雲豹,4,T1 桃園雲豹,,
Richard Laku,T1,洋將,25,206,1997/05/06,,,,,,,,,,5,T1 桃園永豐雲豹,,,,
Chris Gavina,T1,總教練,44,,1979/01/27,,,,,,,,,,,T1 臺中太陽,,,,
彭俊諺,T1,本土,33,185,1989/12/05,,,,,,,,2011,總順位: 5,5,T1 臺中太陽,63,PLG 高雄鋼鐵人,63,PLG 桃園領航猿
陳文宏,T1,本土,31,185,1991/07/14,,,,,,,,,,8,T1 臺中太陽,8,T1 臺中葳格太陽,8,SBL 高雄九太科技
金德偉,T1,華裔,29,190,1993/09/13,,,,,,,,,,20,T1 臺中太陽,,,20,PLG 台新夢想家
溫立煌,T1,本土,29,202,1993/10/26,,,,,,,,2017,總順位: 7,45,T1 臺中太陽,45,PLG 桃園領航猿,45,SBL 桃園璞園建築
蘇奕晉,T1,本土,29,200,1993/12/29,,,,,,,,2016,總順位: 2,41,T1 臺中太陽,41,T1 臺中葳格太陽,41,SBL 高雄九太科技
盧冠軒,T1,本土,27,185,1995/04/02,,,,,,,,2017,總順位: 4,42,T1 臺中太陽,42,SBL 裕隆納智捷,0,SBL 裕隆納智捷
林明毅,T1,本土,27,177,1996/03/27,,,,,,,,,,76,T1 臺中太陽,3,PLG 新竹街口攻城獅,3,PLG 新竹街口攻城獅
高孟偉,T1,本土,26,175,1996/09/13,,,,,,,,,,4,T1 臺中太陽,4,T1 臺中葳格太陽,,
白 薩,T1,外籍生,25,181,1997/10/30,,,,,,,,,,6,T1 臺中太陽,,,,
丁聖儒,T1,本土,24,174,1998/08/22,,,,,,,,,,3,T1 臺中太陽,3,T1 臺中葳格太陽,3,PLG 桃園領航猿
楊承翰,T1,本土,23,186,1999/10/10,,,,,T1,2021,第2輪指名,,,11,T1 臺中太陽,1,T1 臺中葳格太陽,,
董永全,T1,本土,23,191,1999/10/14,,,,,T1,2022,第1輪指名,,,14,T1 臺中太陽,,,,
李明修,T1,本土,22,182,2000/06/01,,,,,T1,2022,第3輪指名,,,13,T1 臺中太陽,,,,
Keith Benson,T1,洋將,34,211,1988/08/13,2011,總順位:48,,,,,,,,34,T1 臺中太陽,34,PLG 高雄鋼鐵人,,
Arnett Moultrie,T1,洋將,32,210,1990/11/18,2012,總順位:27,,,,,,,,1,T1 臺中太陽,,,,
Rayvonte Rice,T1,洋將,30,193,1992/07/14,,,,,,,,,,24,T1 臺中太陽,,,,
Aaron Geramipoor,T1,洋將,30,213,1992/09/11,,,,,,,,,,32,T1 臺中太陽,32,T1 臺中葳格太陽,,
戴瑞騰,T1,外籍生,27,198,1995/07/31,,,,,PLG,2021,總順位:16,,,0,T1 臺中太陽,0,PLG 高雄鋼鐵人,,
劉孟竹,T1,總教練,45,,1977/12/23,,,,,,,,,,,T1 臺南台鋼獵鷹,,,,
吳岱豪,T1,本土,38,203,1985/02/07,,,,,,,,,,54,T1 臺南台鋼獵鷹,54,PLG 新竹街口攻城獅,54,PLG 新竹街口攻城獅
陳靖寰,T1,本土,37,190,1986/02/03,,,,,,,,,,23,T1 臺南台鋼獵鷹,23,T1 臺中葳格太陽,23,PLG 桃園領航猿
龍弘元,T1,本土,34,193,1988/10/24,,,,,,,,,,88,T1 臺南台鋼獵鷹,88,T1 臺南台鋼獵鷹,,
吳宏興,T1,本土,33,202,1989/10/21,,,,,,,,2008,總順位: 3,18,T1 臺南台鋼獵鷹,16,SBL 高雄九太科技,16,SBL 高雄九太科技
胡凱翔,T1,本土,31,190,1991/05/16,,,,,,,,2013,總順位: 4,12,T1 臺南台鋼獵鷹,12,SBL 裕隆納智捷,12,SBL 裕隆納智捷
呂濟而,T1,本土,31,187,1992/01/15,,,,,,,,2014,總順位:10,72,T1 臺南台鋼獵鷹,72,T1 臺南台鋼獵鷹,72,SBL 裕隆納智捷
簡偉儒,T1,本土,31,186,1992/01/20,,,,,,,,2014,總順位: 9,2,T1 臺南台鋼獵鷹,2,PLG 臺北富邦勇士,2,PLG 臺北富邦勇士
呂冠霆,T1,本土,30,197,1992/10/13,,,,,,,,2015,總順位: 3,21,T1 臺南台鋼獵鷹,21,SBL 高雄九太科技,,
李漢昇,T1,本土,28,177,1994/10/24,,,,,,,,2020,總順位: 1,4,T1 臺南台鋼獵鷹,4,T1 高雄全家海神,4,SBL 高雄九太科技
張幃翔,T1,本土,26,190,1996/05/15,,,,,,,,,,0,T1 臺南台鋼獵鷹,0,T1 臺南台鋼獵鷹,14,SBL 裕隆納智捷
蔡建宇,T1,本土,26,187,1996/09/19,,,,,,,,2021,總順位:15,10,T1 臺南台鋼獵鷹,12,SBL 高雄九太科技,13,PLG 新竹街口攻城獅
吳彥侖,T1,本土,25,182,1997/06/18,,,,,,,,,,9,T1 臺南台鋼獵鷹,,,,
林梓峰,T1,本土,24,184,1998/10/30,,,,,T1,2021,第3輪指名,,,16,T1 臺南台鋼獵鷹,16,T1 臺南台鋼獵鷹,,
劉駿霆,T1,本土,23,187,1999/03/31,,,,,T1,2021,第4輪指名,,,6,T1 臺南台鋼獵鷹,6,T1 臺南台鋼獵鷹,,
谷毛唯嘉,T1,本土,23,175,1999/12/04,,,,,T1,2022,第1輪指名,,,3,T1 臺南台鋼獵鷹,,,,
韓杰諭,T1,本土,23,194,1999/12/17,,,,,T1,2022,第1輪指名,,,29,T1 臺南台鋼獵鷹,,,,
Samuel Deguara,T1,洋將,31,230,1991/06/21,,,,,,,,,,13,T1 臺南台鋼獵鷹,21,T1 台灣啤酒英熊,,
Singh Bhullar,T1,洋將,30,226,1992/12/02,2014,Rookie,,,,,,,,35,T1 臺南台鋼獵鷹,35,PLG 新竹街口攻城獅,,
Robert Upshaw III,T1,洋將,29,213,1994/01/05,,,,,,,,,,55,T1 臺南台鋼獵鷹,,,,
Marcus Weathers,T1,洋將,25,196,1997/08/05,,,,,,,,,,50,T1 臺南台鋼獵鷹,,,,
Brendan Joyce,T1,總教練,63,,1959/12/09,,,,,,,,,,,T1 高雄全家海神,,T1 高雄全家海神,,
余純安,T1,本土,31,189,1992/02/13,,,,,,,,2013,總順位: 3,28,T1 高雄全家海神,28,T1 高雄全家海神,35,SBL 高雄九太科技
吳怡斌,T1,本土,30,200,1992/08/29,,,,,,,,2015,總順位:12,18,T1 高雄全家海神,18,T1 高雄全家海神,18,SBL 高雄九太科技
胡瓏貿,T1,本土,30,195,1992/12/22,,,2016,總順位: 4,,,,,,10,T1 高雄全家海神,10,T1 高雄全家海神,10,CBA 福建潯興
于煥亞,T1,本土,29,182,1993/11/30,,,,,,,,2015,總順位: 5,7,T1 高雄全家海神,7,T1 高雄全家海神,7,SBL 高雄九太科技
林任鴻,T1,本土,29,194,1993/12/18,,,,,,,,2015,總順位: 7,12,T1 高雄全家海神,12,T1 高雄全家海神,22,SBL 高雄九太科技
勤明慶,T1,本土,28,195,1994/11/14,,,,,,,,2017,總順位: 9,85,T1 高雄全家海神,85,T1 高雄全家海神,14,SBL 高雄九太科技
吳曉謹,T1,本土,27,190,1995/08/28,,,,,,,,2017,總順位: 5,57,T1 高雄全家海神,57,T1 高雄全家海神,57,SBL 高雄九太科技
呂威霆,T1,本土,25,200,1997/04/16,,,,,,,,,,21,T1 高雄全家海神,21,T1 高雄全家海神,,
陳懷安,T1,本土,25,186,1997/04/29,,,,,,,,2019,總順位: 2,9,T1 高雄全家海神,9,T1 高雄全家海神,0,SBL 高雄九太科技
蘇文儒,T1,本土,25,187,1997/10/16,,,,,T1,2021,第2輪指名,,,24,T1 高雄全家海神,24,T1 高雄全家海神,,
王詠誠,T1,本土,24,196,1998/12/29,,,,,,,,2021,總順位: 5,3,T1 高雄全家海神,2,SBL 高雄九太科技,,
邱子軒,T1,本土,23,190,1999/12/08,,,,,T1,2022,第1輪指名,,,8,T1 高雄全家海神,,,,
Xavier Alexander,T1,洋將,34,198,1988/10/19,,,,,,,,,,15,T1 高雄全家海神,15,T1 高雄全家海神,,
Mindaugas Kupšas,T1,洋將,31,217,1991/04/09,,,,,,,,,,49,T1 高雄全家海神,49,T1 高雄全家海神,,
John Bohannon,T1,洋將,31,211,1991/10/29,,,,,,,,,,23,T1 高雄全家海神,,,,
Jason Brickman,T1,洋將,31,179,1991/11/19,,,,,,,,,,5,T1 高雄全家海神,5,T1 高雄全家海神,,
周俊三,SBL,總教練,54,,1969/01/28,,,,,,,,,,,SBL 台灣啤酒,,SBL 台灣啤酒,,SBL 台灣啤酒
蘇柏彰,SBL,本土,33,200,1989/09/26,,,,,,,,2008,總順位: 6,91,SBL 台灣啤酒,91,SBL 台灣啤酒,91,SBL 台灣啤酒
王皓吉,SBL,本土,33,195,1989/09/22,,,,,,,,2013,總順位: 7,27,SBL 台灣啤酒,27,T1 台灣啤酒英熊,27,SBL 台灣啤酒
陳兆豪,SBL,本土,30,199,1992/06/12,,,,,,,,2014,總順位: 6,89,SBL 台灣啤酒,89,SBL 台灣啤酒,89,SBL 台灣啤酒
王子綱,SBL,本土,30,183,1993/01/27,,,,,,,,2015,總順位: 8,3,SBL 台灣啤酒,3,SBL 台灣啤酒,3,SBL 台灣啤酒
簡肇熠,SBL,本土,29,180,1993/07/12,,,,,,,,2015,總順位:11,8,SBL 台灣啤酒,8,T1 台灣啤酒英熊,,
翟振皓,SBL,本土,29,194,1993/07/25,,,,,,,,,,25,SBL 台灣啤酒,49,SBL 台灣啤酒,,
陳昱翰,SBL,本土,29,188,1993/12/14,,,,,,,,2020,總順位: 5,5,SBL 台灣啤酒,5,SBL 台灣啤酒,5,SBL 台灣啤酒
豐正凱,SBL,本土,27,183,1995/11/25,,,,,,,,,,11,SBL 台灣啤酒,1,SBL 高雄九太科技,,
王新瑋,SBL,本土,25,183,1997/05/08,,,,,,,,,,1,SBL 台灣啤酒,1,SBL 台灣啤酒,,
蓋 比,SBL,外籍生,25,195,1997/12/15,,,,,,,,2022,總順位: 3,18,SBL 台灣啤酒,,,,
吳念哲,SBL,本土,24,185,1998/12/29,,,,,T1,2021,第5輪指名,,,29,SBL 台灣啤酒,9,T1 臺南台鋼獵鷹,,
黃泓諭,SBL,本土,23,185,1999/09/10,,,,,,,,2022,總順位:10,0,SBL 台灣啤酒,,,,
賴俊廷,SBL,本土,22,186,2000/07/07,,,,,,,,2022,總順位: 7,17,SBL 台灣啤酒,,,,
Tavarion Nix,SBL,洋將,30,201,1992/04/20,,,,,,,,,,15,SBL 台灣啤酒,,,,
陳國維,SBL,總教練,38,,1984/07/06,,,,,,,,2008,總順位: 1,,SBL 臺灣銀行,,SBL 臺灣銀行,,SBL 臺灣銀行
張博勝,SBL,本土,36,185,1987/02/02,,,,,,,,,,68,SBL 臺灣銀行,68,SBL 臺灣銀行,68,SBL 臺灣銀行
高健益,SBL,本土,32,185,1990/06/10,,,,,,,,2013,總順位: 9,24,SBL 臺灣銀行,24,SBL 臺灣銀行,24,SBL 臺灣銀行
陳侑昫,SBL,本土,32,195,1990/10/01,,,,,,,,2014,總順位: 8,3,SBL 臺灣銀行,3,SBL 臺灣銀行,15,SBL 臺灣銀行
李維哲,SBL,本土,31,179,1991/05/08,,,,,,,,,,58,SBL 臺灣銀行,15,SBL 臺灣銀行,3,SBL 臺灣銀行
王泰傑,SBL,本土,30,181,1992/11/17,,,,,,,,2015,總順位:17,13,SBL 臺灣銀行,13,SBL 臺灣銀行,8,SBL 臺灣銀行
曾開暄,SBL,本土,29,180,1993/09/09,,,,,,,,,,2,SBL 臺灣銀行,2,SBL 臺灣銀行,,
林柏偉,SBL,本土,29,187,1993/11/18,,,,,,,,,,9,SBL 臺灣銀行,9,SBL 臺灣銀行,9,SBL 臺灣銀行
潘祥偉,SBL,本土,28,190,1994/10/26,,,,,,,,2018,總順位: 4,11,SBL 臺灣銀行,11,SBL 臺灣銀行,11,SBL 臺灣銀行
陳俊翰,SBL,本土,27,196,1996/03/20,,,,,,,,2020,總順位: 8,21,SBL 臺灣銀行,11,SBL 高雄九太科技,21,SBL 高雄九太科技
張家禾,SBL,本土,26,188,1996/12/15,,,,,,,,2019,總順位: 1,12,SBL 臺灣銀行,12,SBL 臺灣銀行,12,SBL 臺灣銀行
蔡嘉駿,SBL,本土,25,190,1997/12/11,,,,,,,,,,29,SBL 臺灣銀行,29,SBL 臺灣銀行,,
簡家暐,SBL,本土,24,188,1998/07/29,,,,,,,,2020,總順位: 7,0,SBL 臺灣銀行,0,SBL 臺灣銀行,0,SBL 臺灣銀行
王偉丞,SBL,本土,23,180,1999/08/07,,,,,,,,2021,總順位: 2,7,SBL 臺灣銀行,7,SBL 臺灣銀行,,
曹立中,SBL,本土,23,190,1999/08/28,,,,,,,,2021,總順位: 6,27,SBL 臺灣銀行,27,SBL 臺灣銀行,,
林哲霆,SBL,本土,23,183,1999/09/08,,,,,,,,,,10,SBL 臺灣銀行,,,,
沈睿洋,SBL,本土,23,197,2000/01/12,,,,,,,,2022,總順位: 4,15,SBL 臺灣銀行,,,,
周日騰,SBL,本土,23,193,2000/02/08,,,,,,,,2022,總順位: 8,8,SBL 臺灣銀行,,,,
Max Mahoney,SBL,洋將,24,200,1998/06/29,,,,,,,,,,51,SBL 臺灣銀行,,,,
邱大宗,SBL,總教練,58,,1964/07/01,,,,,,,,,,,SBL 裕隆納智捷,,SBL 裕隆納智捷,,SBL 裕隆納智捷
周士淵,SBL,本土,39,190,1983/11/16,,,,,,,,,,15,SBL 裕隆納智捷,,,,
翁嘉鴻,SBL,本土,31,195,1992/03/15,,,,,,,,2016,總順位: 5,20,SBL 裕隆納智捷,20,SBL 裕隆納智捷,20,SBL 裕隆納智捷
郭昭男,SBL,本土,30,192,1992/11/06,,,,,,,,2015,總順位:14,93,SBL 裕隆納智捷,93,SBL 裕隆納智捷,93,SBL 裕隆納智捷
柯旻豪,SBL,本土,30,180,1992/12/27,,,,,,,,2015,總順位: 4,8,SBL 裕隆納智捷,37,SBL 裕隆納智捷,11,SBL 高雄九太科技
吳祐任,SBL,本土,29,176,1993/11/15,,,,,,,,2016,總順位: 8,27,SBL 裕隆納智捷,27,SBL 裕隆納智捷,27,SBL 臺灣銀行
李其恩,SBL,本土,27,186,1995/12/17,,,,,,,,2018,總順位: 8,49,SBL 裕隆納智捷,49,SBL 裕隆納智捷,49,SBL 臺灣銀行
林義恩,SBL,本土,26,185,1996/06/08,,,,,,,,,,17,SBL 裕隆納智捷,15,SBL 高雄九太科技,17,SBL 桃園璞園建築
周暐宸,SBL,本土,26,188,1996/09/01,,,,,,,,2018,總順位: 5,95,SBL 裕隆納智捷,95,SBL 臺灣銀行,95,SBL 臺灣銀行
邱忠博,SBL,本土,26,188,1996/09/03,,,,,,,,2021,總順位:13,1,SBL 裕隆納智捷,7,SBL 裕隆納智捷,,
黃宗翰,SBL,本土,26,195,1996/10/10,,,,,,,,,,31,SBL 裕隆納智捷,13,T1 臺南台鋼獵鷹,,
斑 霸,SBL,外籍生,26,201,1997/01/07,,,,,,,,2020,總順位: 3,23,SBL 裕隆納智捷,23,SBL 裕隆納智捷,23,SBL 裕隆納智捷
顏文佐,SBL,本土,25,188,1997/12/08,,,,,,,,2021,總順位: 3,11,SBL 裕隆納智捷,11,SBL 裕隆納智捷,,
吳季穎,SBL,本土,25,182,1998/03/25,,,,,,,,2020,總順位: 9,3,SBL 裕隆納智捷,25,T1 桃園雲豹,,SBL 桃園璞園建築
陳品銓,SBL,本土,24,183,1998/10/18,,,,,,,,2022,總順位: 6,16,SBL 裕隆納智捷,,,,
黃鉉閔,SBL,本土,23,183,2000/02/09,,,,,,,,2022,總順位: 2,5,SBL 裕隆納智捷,,,,
Walter Sharpe,SBL,洋將,36,204,1986/07/18,2008,總順位:32,,,,,,,,33,SBL 裕隆納智捷,33,SBL 裕隆納智捷,,
吳俊雄,SBL,總教練,38,,1984/08/26,,,,,,,,,,,SBL 彰化柏力力,,,,
施顏宗,SBL,本土,30,193,1992/05/29,,,,,,,,2015,總順位: 1,0,SBL 彰化柏力力,5,PLG 桃園領航猿,7,SBL 桃園璞園建築
邱家佑,SBL,本土,27,190,1995/06/01,,,,,,,,2021,總順位:14,26,SBL 彰化柏力力,26,SBL 桃園璞園建築,,
趙得恩,SBL,本土,27,184,1995/07/05,,,,,,,,2021,總順位:16,7,SBL 彰化柏力力,7,SBL 桃園璞園建築,,
莊又齊,SBL,本土,27,190,1995/08/14,,,,,,,,,,81,SBL 彰化柏力力,81,SBL 桃園璞園建築,,
鄭子洋,SBL,本土,27,205,1995/11/22,,,,,,,,,,97,SBL 彰化柏力力,97,PLG 台新夢想家,26,SBL 裕隆納智捷
李謨汎,SBL,本土,25,193,1997/04/02,,,,,,,,2021,總順位: 4,1,SBL 彰化柏力力,1,SBL 桃園璞園建築,,
朱恩麟,SBL,本土,25,192,1997/06/17,,,,,,,,2021,總順位: 8,22,SBL 彰化柏力力,22,SBL 桃園璞園建築,,
郭 翰,SBL,本土,24,195,1998/08/28,,,,,,,,2022,總順位: 9,14,SBL 彰化柏力力,,,,
黃建智,SBL,本土,24,189,1998/09/08,,,,,,,,2022,總順位:11,13,SBL 彰化柏力力,,,,
陳奕綸,SBL,本土,24,172,1998/09/09,,,,,,,,2021,總順位:24,5,SBL 彰化柏力力,5,SBL 桃園璞園建築,,
蔣浩偉,SBL,本土,24,176,1998/10/28,,,,,,,,2022,總順位: 5,10,SBL 彰化柏力力,,,,
林俊恩,SBL,本土,24,176,1999/01/28,,,,,,,,2021,總順位:11,28,SBL 彰化柏力力,28,SBL 桃園璞園建築,,
江尚謙,SBL,本土,23,181,1999/10/23,,,,,,,,2022,總順位: 1,77,SBL 彰化柏力力,,,,
Julian Boyd,SBL,洋將,33,196,1990/02/02,,,,,,,,,,42,SBL 彰化柏力力,42,PLG 台新夢想家,,
崔浩恩,,本土,20,183,2002/10/01,,,,,,,,,,2,日本 B3 豐田合成蠍子,,,,
蘇志誠,,本土,23,178,1999/04/15,,,,,,,,,,10,PLG 桃園璞園領航猿,10,PLG 桃園領航猿,,
楊浩之,,華裔,27,188,1995/10/20,,,,,PLG,2021,總順位:15,,,30,PLG 高雄17直播鋼鐵人,30,PLG 高雄鋼鐵人,,
陳堅恩,,華裔,33,178,1988/10/04,,,,,,,,,,,,6,PLG 新竹街口攻城獅,6,PLG 新竹街口攻城獅
容毅燊,,外籍生,26,200,1996/02/09,,,,,,,,,,,,52,PLG 新竹街口攻城獅,52,PLG 新竹街口攻城獅
李秉鴻,,本土,32,183,1989/11/03,,,,,,,,2012,總順位: 8,,,5,T1 臺中葳格太陽,13,SBL 高雄九太科技
周資華,,本土,34,183,1987/10/04,,,,,,,,,,,,7,T1 臺中葳格太陽,,
張智峰,,本土,41,183,1981/04/22,,,,,,,,,,,,13,T1 桃園雲豹,,
謝育政,,本土,27,195,1994/10/01,,,,,,,,,,,,6,T1 桃園雲豹,,
余孟耘,,本土,26,177,1996/05/08,,,,,,,,,,,,3,T1 桃園雲豹,,
劉 靖,,本土,27,181,1994/11/17,,,,,,,,,,,,20,T1 桃園雲豹,,
蔡耀勛,,本土,38,190,1983/11/24,,,,,,,,,,,,19,T1 臺南台鋼獵鷹,,
張家榮,,本土,33,192,1988/09/28,,,,,,,,2012,總順位: 5,,,5,T1 臺南台鋼獵鷹,,
蔣喬安,,本土,27,180,1994/12/07,,,,,,,,,,,,3,T1 臺南台鋼獵鷹,,
林冠均,,本土,26,184,1995/08/21,,,,,,,,,,,,11,T1 臺南台鋼獵鷹,6,PLG 臺北富邦勇士
高國強,,本土,25,172,1997/03/23,,,,,,,,,,,,7,T1 臺南台鋼獵鷹,,
劉人豪,,本土,27,195,1995/03/25,,,,,,,,2019,總順位: 3,,,10,SBL 臺灣銀行,10,SBL 臺灣銀行
陳靖凱,,本土,28,190,1993/10/21,,,,,,,,2017,總順位:16,,,21,SBL 台灣啤酒,,
李祥瑋,,本土,25,185,1997/02/15,,,,,,,,,,,,69,SBL 台灣啤酒,,
陳世杰,,本土,37,176,1984/09/24,,,,,,,,,,,,8,SBL 桃園璞園建築,8,PLG 桃園領航猿
李効輯,,本土,31,180,1991/01/23,,,,,,,,,,,,3,SBL 桃園璞園建築,,
袁加樂,,本土,27,170,1995/03/08,,,,,,,,,,,,0,SBL 桃園璞園建築,,
周宸瑋,,本土,25,188,1996/10/22,,,,,,,,2021,總順位:22,,,35,SBL 桃園璞園建築,,
陳政軒,,本土,23,188,1999/01/28,,,,,,,,2021,總順位:18,,,6,SBL 桃園璞園建築,,
謝宗憲,,本土,24,190,1997/06/07,,,,,,,,2021,總順位:12,,,22,SBL 高雄九太科技,,
孫永成,,本土,24,186,1997/07/05,,,,,,,,2021,總順位: 9,,,13,SBL 高雄九太科技,,
林秉豪,,本土,22,180,1999/08/07,,,,,,,,2021,總順位:17,,,5,SBL 高雄九太科技,,
田 壘,,本土,37,203,1983/06/01,,,,,,,,,,,,,,1,PLG 台新夢想家
紀松佑,,本土,25,185,1995/07/01,,,,,,,,,,,,,,7,PLG 台新夢想家
賴國維,,本土,31,180,1990/03/02,,,,,,,,2010,總順位: 4,,,,,18,PLG 桃園領航猿
潘冠翰,,本土,31,196,1989/06/19,,,,,,,,2008,總順位:14,,,,,11,PLG 新竹街口攻城獅
陳世念,,本土,37,182,1984/04/08,,,,,,,,,,,,,,9,SBL 台灣啤酒
李冠霆,,本土,26,180,1995/02/19,,,,,,,,,,,,,,6,SBL 桃園璞園建築
陳景隆,,本土,25,193,1995/09/01,,,,,,,,,,,,,,14,SBL 桃園璞園建築
Austin Daye,,洋將,34,211,1988/06/05,2009,總順位:15,,,,,,,,11,PLG 新北國王,,,,
DaJuan Summers,,洋將,34,203,1988/01/24,2009,總順位:35,,,,,,,,35,PLG 新北國王,,,,
Jamel Artis,,洋將,29,201,1993/01/12,2017,Rookie,,,,,,,,8,PLG 新北國王,,,,
Ricci Rivero,,洋將,24,185,1998/05/25,,,,,,,,,,8,PLG 桃園璞園領航猿,,,,
Sir'Dominic Pointer,,洋將,30,195,1992/05/06,2015,總順位:53,,,,,,,,15,PLG 台新夢想家,,,,
Malcolm Miller,,洋將,29,201,1993/03/06,2017,Rookie,,,,,,,,13,PLG 台新夢想家,,,,
Terrico White,,洋將,33,196,1990/03/07,2010,總順位:36,,,,,,,,6,PLG 新竹街口攻城獅,,,,
Viacheslav Kravtsov,,洋將,35,212,1987/08/25,2012,Rookie,,,,,,,,55,PLG 高雄17直播鋼鐵人,,,,
Aaron Harrison,,洋將,28,198,1994/10/28,2015,Rookie,,,,,,,,19,PLG 高雄17直播鋼鐵人,,,,
Manny Harris,,洋將,33,196,1989/09/21,2010,Rookie,,,,,,,,3,PLG 高雄17直播鋼鐵人,3,PLG 高雄鋼鐵人,,
Terrence Jones,,洋將,30,208,1992/01/09,2012,總順位:12,,,,,,,,9,PLG 高雄17直播鋼鐵人,,,,
Andrija Bojić,,洋將,29,208,1993/05/28,,,,,,,,,,16,PLG 高雄17直播鋼鐵人,,,,
Vance Jackson,,洋將,25,206,1997/08/20,,,,,,,,,,14,PLG 高雄17直播鋼鐵人,,,,
Demetrius Conger,,洋將,32,198,1990/05/29,,,,,,,,,,5,T1 新北中信特攻,,,,
Jure Gunjina,,洋將,30,203,1992/08/06,,,,,,,,,,32,T1 新北中信特攻,,,,
Nicholas Faust,,洋將,30,198,1993/02/25,,,,,,,,,,8,T1 臺南台鋼獵鷹,7,PLG 新竹街口攻城獅,,
Shaheed Davis,,洋將,28,206,1994/02/14,,,,,,,,,,7,T1 臺南台鋼獵鷹,,,,
Taylor Braun,,洋將,31,198,1991/07/06,,,,,,,,,,24,T1 臺南台鋼獵鷹,24,PLG 高雄鋼鐵人,,
Sedrick Barefield,,洋將,26,188,1996/11/18,,,,,,,,,,17,T1 臺南台鋼獵鷹,,,,
D'Montre Edwards,,洋將,30,196,1992/04/20,,,,,,,,,,32,T1 臺南台鋼獵鷹,,,,
Elijah Thomas,,洋將,26,206,1996/10/10,,,,,,,,,,2,T1 高雄全家海神,2,T1 桃園雲豹,,
Prince Ibeh,,洋將,28,208,1994/06/03,,,,,,,,,,1,T1 台灣啤酒英熊,1,T1 新北中信特攻,,
Cleanthony Early,,洋將,31,203,1991/04/17,2014,總順位:34,,,,,,,,23,T1 台灣啤酒英熊,23,T1 新北中信特攻,,
Milenko Veljković,,洋將,27,218,1995/09/20,,,,,,,,,,7,T1 台灣啤酒英熊,,,,
Matt Hodgson,,洋將,31,211,1991/08/02,,,,,,,,,,6,T1 台灣啤酒英熊,,,,
Stephan Hicks,,洋將,30,198,1992/04/02,,,,,,,,,,3,T1 台灣啤酒英熊,17,PLG 台新夢想家,17,PLG 台新夢想家
Marlon Johnson,,洋將,29,208,1994/02/28,,,,,,,,,,11,T1 臺中太陽,13,T1 新北中信特攻,,
Raphiael Putney,,洋將,32,209,1990/04/21,,,,,,,,,,12,T1 臺中太陽,,,,
Jordan Tolbert,,洋將,30,200,1992/11/08,,,,,,,,,,22,T1 臺中太陽,1,PLG 桃園領航猿,1,SBL 桃園璞園建築
Tony Bishop,,洋將,33,201,1989/07/16,,,,,,,,,,2,T1 臺中太陽,,,,
Diamond Stone,,洋將,25,208,1997/02/10,2016,總順位:40,,,,,,,,33,T1 臺中太陽,33,T1 台灣啤酒英熊,,
Mike Edwards,,洋將,25,208,1997/05/20,,,,,,,,,,7,T1 臺中太陽,,,,
Adam Łapeta,,洋將,35,218,1987/11/09,,,,,,,,,,16,T1 桃園永豐雲豹,,,,
Troy Williams,,洋將,28,201,1994/12/30,2016,Rookie,,,,,,,,5,T1 桃園永豐雲豹,5,T1 桃園雲豹,,
Cornelius Hudson,,洋將,29,198,1993/12/29,,,,,,,,,,2,SBL 台灣啤酒,,,,
Mike Bruesewitz,,洋將,31,199,1990/08/09,,,,,,,,,,,,31,PLG 新竹街口攻城獅,,
Stefan Janković,,洋將,28,211,1993/08/04,,,,,,,,,,,,33,PLG 台新夢想家,,
Ricky Ledo,,洋將,29,196,1992/09/19,2013,總順位:43,,,,,,,,,,5,PLG 台新夢想家,,
DeAndre Liggins,,洋將,34,198,1988/03/31,2011,總順位:53,,,,,,,,,,34,PLG 新北國王,,
Thomas Welsh,,洋將,26,213,1996/02/03,2018,總順位:58,,,,,,,,,,40,PLG 新北國王,,
Jerran Young,,洋將,29,198,1991/12/25,,,,,,,,,,,,12,PLG 新北國王,12,PLG 台新夢想家
Nemanja Bešović,,洋將,29,221,1992/06/08,,,,,,,,,,,,18,PLG 桃園領航猿,,
Devin Robinson,,洋將,27,203,1995/03/07,2017,Rookie,,,,,,,,,,0,PLG 桃園領航猿,,
Ferrakohn Hall,,洋將,31,203,1990/09/20,,,,,,,,,,,,25,T1 高雄全家海神,,
Negus Webster-Chan,,洋將,29,201,1993/01/07,,,,,,,,,,,,14,T1 高雄全家海神,,
Niño KG Canaleta,,洋將,40,197,1982/02/12,,,,,,,,,,,,9,T1 臺中葳格太陽,,
Julian Wright,,洋將,35,203,1987/05/20,2007,總順位:13,,,,,,,,,,30,T1 臺中葳格太陽,30,PLG 新竹街口攻城獅
Anthony Tucker,,洋將,32,193,1989/09/02,,,,,,,,,,,,0,T1 臺中葳格太陽,2,PLG 台新夢想家
Jordan Heading,,洋將,26,188,1996/01/30,,,,,,,,,,,,15,T1 臺中葳格太陽,,
Alonzo Gee,,洋將,34,198,1987/05/29,2009,Rookie,,,,,,,,,,6,T1 臺中葳格太陽,,
Avery Scharer,,洋將,35,188,1986/08/23,,,,,,,,,,,,2,T1 新北中信特攻,,
Kevin Allen,,洋將,27,211,1994/08/09,,,,,,,,,,,,15,T1 新北中信特攻,,
Aaron Epps,,洋將,26,206,1996/04/28,,,,,,,,,,,,21,T1 新北中信特攻,,
Chanatip Jakrawan,,洋將,25,203,1997/01/10,,,,,,,,,,,,31,T1 新北中信特攻,,
Ramon Galloway,,洋將,31,191,1991/02/10,,,,,,,,,,,,55,T1 台灣啤酒英熊,,
Tyler Lamb,,洋將,31,196,1991/05/16,,,,,,,,,,,,1,T1 台灣啤酒英熊,,
Ronald Delph,,洋將,29,213,1993/03/29,,,,,,,,,,,,23,T1 台灣啤酒英熊,,
Doral Moore Jr.,,洋將,25,216,1997/01/21,,,,,,,,,,,,26,T1 台灣啤酒英熊,,
Maciej Lampe,,洋將,36,211,1985/02/05,2003,總順位:30,,,,,,,,,,30,T1 台灣啤酒英熊,,
Tony Mitchell Jr.,,洋將,32,198,1989/08/07,,,,,,,,,,,,1,T1 台灣啤酒英熊,,
Caelan Tiongson,,洋將,30,197,1992/05/07,,,,,,,,,,,,0,T1 桃園雲豹,,
John Gillon,,洋將,28,183,1994/03/31,,,,,,,,,,,,22,T1 桃園雲豹,,
Aleksandar Mitrović,,洋將,31,203,1990/07/22,,,,,,,,,,,,23,T1 桃園雲豹,,
Daniel Orton,,洋將,31,209,1990/08/06,2010,總順位:29,,,,,,,,,,33,T1 桃園雲豹,,
Lester Prosper,,洋將,33,209,1988/09/21,,,,,,,,,,,,34,T1 臺南台鋼獵鷹,,
Charles García,,洋將,33,204,1988/10/13,,,,,,,,,,,,36,T1 臺南台鋼獵鷹,36,PLG 臺北富邦勇士
Marcus Gilbert,,洋將,29,198,1993/01/01,,,,,,,,,,,,41,T1 臺南台鋼獵鷹,,
Jordan Chatman,,洋將,28,196,1993/05/21,,,,,,,,,,,,25,T1 臺南台鋼獵鷹,12,PLG 桃園領航猿
King Revolution,,洋將,32,202,1990/02/24,,,,,,,,,,,,4,T1 臺南台鋼獵鷹,,
Zakarie Irvin,,洋將,27,194,1994/09/05,,,,,,,,,,,,25,SBL 臺灣銀行,25,SBL 臺灣銀行
Ishmael Lane,,洋將,25,203,1997/01/20,,,,,,,,,,,,20,SBL 臺灣銀行,,
Keanau Post,,洋將,29,210,1992/09/04,,,,,,,,,,,,17,SBL 台灣啤酒,,
Kentrall Barkley,,洋將,25,188,1996/09/01,,,,,,,,,,,,0,SBL 台灣啤酒,,
Torren Jones,,洋將,27,201,1994/10/28,,,,,,,,,,,,0,SBL 裕隆納智捷,,
Nicholas Wiggins,,洋將,31,197,1991/02/04,,,,,,,,,,,,8,SBL 高雄九太科技,,
Jalen Robinson,,洋將,28,202,1993/12/25,,,,,,,,,,,,3,SBL 高雄九太科技,,
C.J. Aiken,,洋將,31,206,1990/09/27,,,,,,,,,,,,4,SBL 桃園璞園建築,,
Dashaun Wiggins,,洋將,30,188,1991/09/16,,,,,,,,,,,,23,SBL 桃園璞園建築,,
Kadeem Jack,,洋將,28,206,1992/10/27,,,,,,,,,,,,,,40,PLG 桃園領航猿
Davon Reed,,洋將,25,196,1995/06/11,2017,總順位:32,,,,,,,,,,,,5,PLG 桃園領航猿
Willie Warren,,洋將,31,193,1989/10/22,2010,總順位:54,,,,,,,,,,,,13,PLG 桃園領航猿
LaDontae Henton,,洋將,29,198,1992/01/06,,,,,,,,,,,,,,23,PLG 新竹街口攻城獅
J.D. Miller,,洋將,24,203,1996/12/01,,,,,,,,,,,,,,1,SBL 台灣啤酒
Rakeem Christmas,,洋將,29,203,1991/12/01,2015,總順位:36,,,,,,,,,,,,25,SBL 裕隆納智捷
Jordan Caroline,,洋將,25,201,1996/01/15,,,,,,,,,,,,,,24,SBL 高雄九太科技
Kyle Julius,,總教練,43,,1979/09/20,,,,,,,,,,,PLG 台新夢想家,,PLG 台新夢想家,,PLG 台新夢想家
Dean Murray,,總教練,58,,1964/06/06,,,,,,,,,,,PLG 高雄17直播鋼鐵人,,,,
Slavoljub Gorunovic,,總教練,52,,1970/02/15,,,,,,,,,,,PLG 高雄17直播鋼鐵人,,,,
劉嘉發,,總教練,54,,1969/01/06,,,,,,,,,,,T1 桃園永豐雲豹,,T1 桃園雲豹,,SBL 高雄九太科技
DeMarcus Berry,,總教練,37,,1984/04/13,,,,,,,,,,,,,PLG 高雄鋼鐵人,,
王志群,,總教練,39,,1982/04/23,,,,,,,,,,,,,T1 桃園雲豹,,
吳志偉,,總教練,45,,1976/07/31,,,,,,,,,,,,,T1 臺南台鋼獵鷹,,
徐仲毅,,總教練,32,,1990/03/19,,,,,,,,,,,,,SBL 高雄九太科技,,
黃啟峰,,總教練,38,,1984/03/12,,,,,,,,,,,,,SBL 桃園璞園建築,,
楊宜峰,,總教練,46,,1974/07/14,,,,,,,,,,,,,,,PLG 桃園領航猿
顏行書,,總教練,44,,1976/09/08,,,,,,,,,,,,,,,SBL 桃園璞園建築